Peter,Schmidt,pschmidt0@aboutads.info,28
Christina,Hart,chart1@dropbox.com,29
Janet,Warren,jwarren2@hc360.com,21
Pamela,Smith,psmith3@nps.gov,21
Victor,Watkins,vwatkins4@newsvine.com,29
Mildred,Larson,mlarson5@exblog.jp,20
Eric,Thompson,ethompson6@buzzfeed.com,28
Phyllis,Vasquez,pvasquez7@blogspot.com,28
Alan,Gutierrez,agutierrez8@about.me,26
Louis,Lopez,llopez9@ning.com,22
Elizabeth,Myers,emyersa@bigcartel.com,29
Emily,Phillips,ephillipsb@1688.com,29
Dorothy,Holmes,dholmesc@redcross.org,24
Shirley,Campbell,scampbelld@paypal.com,21
Pamela,Watson,pwatsone@pen.io,25
Harold,Mills,hmillsf@va.gov,28
Juan,King,jkingg@walmart.com,22
Fred,Gordon,fgordonh@chronoengine.com,27
Douglas,Harris,dharrisi@yahoo.co.jp,23
Ralph,Bennett,rbennettj@utexas.edu,24
Stephen,Romero,sromerok@nih.gov,20
Dorothy,Elliott,delliottl@yandex.ru,26
Terry,Rodriguez,trodriguezm@stanford.edu,23
Louise,Wheeler,lwheelern@amazon.de,27
Steve,Ramos,sramoso@barnesandnoble.com,21
Kelly,Carroll,kcarrollp@oakley.com,22
Kenneth,Henderson,khendersonq@liveinternet.ru,26
Bobby,Snyder,bsnyderr@symantec.com,30
Sandra,Andrews,sandrewss@cbc.ca,23
Julia,Bowman,jbowmant@sogou.com,27
Timothy,Nelson,tnelsonu@nydailynews.com,30
Justin,Brown,jbrownv@simplemachines.org,24
Johnny,Mendoza,jmendozaw@mit.edu,29
Barbara,Dean,bdeanx@myspace.com,20
Diana,Allen,dalleny@hubpages.com,25
Earl,James,ejamesz@umich.edu,23
Roy,King,rking10@hatena.ne.jp,25
Earl,Hall,ehall11@jiathis.com,21
Philip,Carter,pcarter12@themeforest.net,30
Andrea,Fuller,afuller13@about.me,26
Gloria,Bradley,gbradley14@yellowbook.com,24
Matthew,Fox,mfox15@google.com.au,25
Annie,Mitchell,amitchell16@si.edu,29
Kenneth,Cooper,kcooper17@studiopress.com,29
Lori,Fowler,lfowler18@businessweek.com,20
George,Gardner,ggardner19@liveinternet.ru,25
Sara,Fowler,sfowler1a@mac.com,27
Fred,Howard,fhoward1b@youtu.be,30
Alan,Hart,ahart1c@1und1.de,24
Albert,Robertson,arobertson1d@japanpost.jp,20
Patrick,Hayes,phayes1e@acquirethisname.com,28
Tammy,Allen,tallen1f@blog.com,25
Ronald,Berry,rberry1g@rakuten.co.jp,20
Philip,Simpson,psimpson1h@privacy.gov.au,23
Louis,Harrison,lharrison1i@nymag.com,21
Bonnie,Wells,bwells1j@geocities.com,27
Mark,Reed,mreed1k@arstechnica.com,20
Carlos,Mcdonald,cmcdonald1l@cbc.ca,25
Amy,Fowler,afowler1m@comsenz.com,22
Stephanie,Andrews,sandrews1n@icio.us,26
Kathy,Shaw,kshaw1o@nytimes.com,23
William,Harvey,wharvey1p@xrea.com,23
Amy,Arnold,aarnold1q@ftc.gov,24
Anne,Barnes,abarnes1r@prnewswire.com,24
Lillian,Cook,lcook1s@devhub.com,21
Cheryl,Gonzales,cgonzales1t@kickstarter.com,22
Maria,Adams,madams1u@telegraph.co.uk,21
Christine,Simpson,csimpson1v@netscape.com,29
Brian,Parker,bparker1w@360.cn,23
Annie,Day,aday1x@joomla.org,26
Brandon,Bailey,bbailey1y@berkeley.edu,28
Robert,Graham,rgraham1z@homestead.com,29
James,Hunt,jhunt20@privacy.gov.au,24
Stephen,Frazier,sfrazier21@feedburner.com,25
Marie,Burton,mburton22@timesonline.co.uk,24
Kimberly,Cook,kcook23@foxnews.com,26
Gloria,Montgomery,gmontgomery24@comcast.net,26
Lisa,Lane,llane25@cpanel.net,24
Sharon,Willis,swillis26@si.edu,28
Julie,Banks,jbanks27@comcast.net,22
Louis,Fowler,lfowler28@exblog.jp,29
Lawrence,Weaver,lweaver29@gizmodo.com,27
Richard,Turner,rturner2a@uol.com.br,25
Betty,Nelson,bnelson2b@redcross.org,25
Russell,Wilson,rwilson2c@walmart.com,28
Philip,Bradley,pbradley2d@elegantthemes.com,28
Nancy,Bradley,nbradley2e@studiopress.com,21
Terry,Woods,twoods2f@phoca.cz,21
Dennis,Perez,dperez2g@dell.com,24
Lawrence,Larson,llarson2h@hatena.ne.jp,28
Jeremy,Nichols,jnichols2i@eventbrite.com,25
Brian,Hart,bhart2j@woothemes.com,20
Jose,Spencer,jspencer2k@newyorker.com,20
Todd,Dean,tdean2l@sitemeter.com,23
Heather,Harper,hharper2m@walmart.com,27
Theresa,Medina,tmedina2n@bing.com,22
Alan,Adams,aadams2o@businessinsider.com,22
Jerry,Brooks,jbrooks2p@usa.gov,23
Bruce,Day,bday2q@ca.gov,27
Craig,Reid,creid2r@telegraph.co.uk,24
Deborah,Riley,driley2s@cpanel.net,20
Annie,Greene,agreene2t@scientificamerican.com,23
Kathy,Marshall,kmarshall2u@vistaprint.com,24
Joseph,Allen,jallen2v@europa.eu,28
William,Ford,wford2w@etsy.com,21
Shirley,Pierce,spierce2x@va.gov,22
Jimmy,Holmes,jholmes2y@umn.edu,25
Randy,Lynch,rlynch2z@youku.com,27
Bonnie,Myers,bmyers30@yelp.com,27
Julie,Allen,jallen31@blogger.com,28
Gary,Stephens,gstephens32@blinklist.com,25
Jose,Bradley,jbradley33@jugem.jp,22
Ronald,Chapman,rchapman34@icio.us,23
Michael,Barnes,mbarnes35@wikipedia.org,29
Jennifer,Fields,jfields36@stanford.edu,24
Henry,Day,hday37@squidoo.com,20
Jean,Burns,jburns38@g.co,21
Stephen,Hayes,shayes39@youtu.be,21
Melissa,Jones,mjones3a@hostgator.com,28
Sarah,Kim,skim3b@networksolutions.com,27
Kathryn,Reed,kreed3c@netscape.com,24
Juan,Johnston,jjohnston3d@scientificamerican.com,29
Andrew,Rogers,arogers3e@ted.com,26
Ernest,Ford,eford3f@microsoft.com,28
Judith,Daniels,jdaniels3g@theatlantic.com,25
Philip,Clark,pclark3h@google.co.uk,26
Jerry,Rogers,jrogers3i@chronoengine.com,20
Amy,Stone,astone3j@wired.com,27
Timothy,Perry,tperry3k@usnews.com,21
Judith,Ellis,jellis3l@purevolume.com,23
Martha,Scott,mscott3m@canalblog.com,27
Elizabeth,Jenkins,ejenkins3n@mail.ru,20
Steve,Fuller,sfuller3o@google.cn,25
Marilyn,Castillo,mcastillo3p@behance.net,21
Kelly,Grant,kgrant3q@sakura.ne.jp,29
Diana,Weaver,dweaver3r@hatena.ne.jp,23
Tina,Rogers,trogers3s@spotify.com,26
Kimberly,Marshall,kmarshall3t@flickr.com,29
Joan,Harris,jharris3u@prweb.com,25
Lori,Gonzalez,lgonzalez3v@dailymail.co.uk,25
Teresa,Hamilton,thamilton3w@elegantthemes.com,22
Clarence,Bennett,cbennett3x@posterous.com,21
Cynthia,Gray,cgray3y@theguardian.com,21
Johnny,Cooper,jcooper3z@cisco.com,26
Annie,Hall,ahall40@hexun.com,28
Jack,Mitchell,jmitchell41@businessweek.com,21
Jennifer,Smith,jsmith42@istockphoto.com,20
Ronald,Reid,rreid43@live.com,23
Robert,Willis,rwillis44@mlb.com,23
Helen,Boyd,hboyd45@ezinearticles.com,25
Julie,Wood,jwood46@mail.ru,23
Steven,Baker,sbaker47@photobucket.com,30
Melissa,Harris,mharris48@trellian.com,25
Tammy,Rivera,trivera49@eventbrite.com,25
Arthur,Watson,awatson4a@odnoklassniki.ru,26
Michael,Ellis,mellis4b@msu.edu,28
Brenda,Simmons,bsimmons4c@altervista.org,29
Larry,Fox,lfox4d@ca.gov,24
Phyllis,Ellis,pellis4e@histats.com,25
Scott,Brown,sbrown4f@marketwatch.com,30
Keith,Hayes,khayes4g@blogspot.com,27
Christina,Fowler,cfowler4h@reddit.com,20
Linda,Roberts,lroberts4i@cnbc.com,24
David,West,dwest4j@wikimedia.org,27
Ernest,Sullivan,esullivan4k@abc.net.au,21
Dorothy,Jenkins,djenkins4l@deviantart.com,27
Jason,Webb,jwebb4m@hibu.com,27
Nicholas,Freeman,nfreeman4n@google.ru,27
Amy,Moreno,amoreno4o@networkadvertising.org,30
Raymond,Rose,rrose4p@wordpress.com,27
Dorothy,Larson,dlarson4q@seattletimes.com,23
Anna,Ramirez,aramirez4r@spotify.com,24
Antonio,Murphy,amurphy4s@apple.com,28
Sean,Arnold,sarnold4t@liveinternet.ru,27
Jane,Boyd,jboyd4u@storify.com,26
Margaret,Harris,mharris4v@etsy.com,26
Ronald,Morales,rmorales4w@unesco.org,29
Kenneth,Dixon,kdixon4x@furl.net,21
Todd,Hunter,thunter4y@tripadvisor.com,28
Stephen,Simpson,ssimpson4z@miibeian.gov.cn,21
Betty,Sanchez,bsanchez50@yolasite.com,28
Howard,Peterson,hpeterson51@artisteer.com,22
Edward,Flores,eflores52@craigslist.org,24
Lisa,Powell,lpowell53@answers.com,25
Andrea,Richards,arichards54@plala.or.jp,21
Steve,Kelley,skelley55@angelfire.com,25
Jeffrey,Henderson,jhenderson56@oracle.com,21
Jerry,Gonzales,jgonzales57@bluehost.com,23
Kevin,Hill,khill58@guardian.co.uk,20
Stephen,Hayes,shayes59@amazon.co.uk,20
Lisa,Rodriguez,lrodriguez5a@unesco.org,24
Joan,Freeman,jfreeman5b@mashable.com,24
Amanda,Reyes,areyes5c@biblegateway.com,24
Ruby,Robinson,rrobinson5d@webmd.com,23
Frank,Brooks,fbrooks5e@hubpages.com,24
Keith,Alvarez,kalvarez5f@elpais.com,20
Arthur,King,aking5g@msn.com,22
Gary,Stanley,gstanley5h@prnewswire.com,23
Brandon,Porter,bporter5i@fotki.com,28
Walter,Ferguson,wferguson5j@163.com,24
Eugene,Carr,ecarr5k@drupal.org,22
Justin,Martinez,jmartinez5l@marriott.com,30
Virginia,Parker,vparker5m@msn.com,21
Rachel,Montgomery,rmontgomery5n@over-blog.com,24
Nicholas,Coleman,ncoleman5o@constantcontact.com,22
Sean,Gardner,sgardner5p@nsw.gov.au,26
Susan,Stephens,sstephens5q@sina.com.cn,26
Frank,Warren,fwarren5r@wp.com,24
Margaret,Harper,mharper5s@freewebs.com,26
Lillian,Reed,lreed5t@nasa.gov,22
Kelly,Davis,kdavis5u@shop-pro.jp,20
Steven,Mendoza,smendoza5v@wordpress.org,30
Daniel,Andrews,dandrews5w@homestead.com,22
Eugene,Flores,eflores5x@abc.net.au,30
Jerry,Lopez,jlopez5y@studiopress.com,20
Christine,Gordon,cgordon5z@wikimedia.org,20
Janice,Cooper,jcooper60@pinterest.com,24
Nicole,Adams,nadams61@naver.com,23
Jason,Graham,jgraham62@tamu.edu,20
Philip,Rose,prose63@lulu.com,27
Jonathan,Bryant,jbryant64@msn.com,25
Marilyn,Little,mlittle65@phpbb.com,21
Nicole,Garrett,ngarrett66@loc.gov,30
Diane,Gonzales,dgonzales67@yahoo.co.jp,27
William,Dixon,wdixon68@apple.com,26
Helen,Thompson,hthompson69@japanpost.jp,24
Irene,Sanders,isanders6a@networkadvertising.org,23
Jacqueline,Brooks,jbrooks6b@weebly.com,22
Tina,Butler,tbutler6c@prweb.com,21
Ernest,Miller,emiller6d@sourceforge.net,26
Russell,Reyes,rreyes6e@shareasale.com,23
Bonnie,Diaz,bdiaz6f@europa.eu,27
Kathy,Brooks,kbrooks6g@fotki.com,20
Phyllis,Adams,padams6h@zdnet.com,24
Harry,Flores,hflores6i@timesonline.co.uk,20
Alice,Hudson,ahudson6j@sciencedaily.com,24
Lois,Barnes,lbarnes6k@google.nl,21
Jason,Ward,jward6l@xinhuanet.com,25
Janice,Hanson,jhanson6m@parallels.com,27
Judith,Edwards,jedwards6n@t.co,28
Jennifer,Turner,jturner6o@army.mil,28
Daniel,Hamilton,dhamilton6p@dagondesign.com,23
Denise,Ortiz,dortiz6q@fastcompany.com,25
Kevin,Reynolds,kreynolds6r@forbes.com,27
Judy,Montgomery,jmontgomery6s@narod.ru,24
Randy,Walker,rwalker6t@angelfire.com,29
Jeremy,Cole,jcole6u@eventbrite.com,22
Doris,Shaw,dshaw6v@twitpic.com,23
Brian,Fuller,bfuller6w@amazonaws.com,29
Jose,Wells,jwells6x@reddit.com,25
Marilyn,Knight,mknight6y@cam.ac.uk,20
Jason,Ray,jray6z@seesaa.net,22
Terry,Warren,twarren70@nsw.gov.au,30
Marilyn,Gordon,mgordon71@disqus.com,28
Jennifer,Reed,jreed72@storify.com,27
Rose,White,rwhite73@nature.com,20
Joe,Bailey,jbailey74@answers.com,24
Steve,Meyer,smeyer75@yelp.com,29
Anne,Freeman,afreeman76@cloudflare.com,23
Evelyn,Edwards,eedwards77@imdb.com,21
Amanda,Black,ablack78@posterous.com,26
Clarence,Palmer,cpalmer79@google.cn,28
Rose,Garza,rgarza7a@alibaba.com,26
Harold,Gray,hgray7b@thetimes.co.uk,22
Brian,Welch,bwelch7c@engadget.com,24
Robert,Ford,rford7d@prweb.com,30
Lawrence,Wilson,lwilson7e@umn.edu,21
Jeffrey,Murray,jmurray7f@hibu.com,25
Jean,Harris,jharris7g@oracle.com,30
Debra,Foster,dfoster7h@studiopress.com,22
Gloria,Ryan,gryan7i@twitter.com,21
Jimmy,Reynolds,jreynolds7j@boston.com,20
Kevin,Black,kblack7k@gmpg.org,29
Terry,Fowler,tfowler7l@sphinn.com,25
Gerald,Jordan,gjordan7m@reuters.com,30
Shawn,Alexander,salexander7n@joomla.org,27
Michael,Cunningham,mcunningham7o@statcounter.com,27
Carolyn,Ford,cford7p@google.co.uk,27
Eric,Gutierrez,egutierrez7q@smh.com.au,30
Diana,Harper,dharper7r@toplist.cz,26
Daniel,Kennedy,dkennedy7s@auda.org.au,27
Jeremy,Fernandez,jfernandez7t@mlb.com,23
Chris,Murray,cmurray7u@scientificamerican.com,29
Patrick,Scott,pscott7v@tamu.edu,26
Samuel,Richards,srichards7w@flavors.me,25
Roy,Garza,rgarza7x@goo.ne.jp,28
Patricia,Wallace,pwallace7y@amazon.co.jp,29
Jesse,Pierce,jpierce7z@amazon.co.uk,24
Marie,Willis,mwillis80@abc.net.au,23
Joe,Lynch,jlynch81@hibu.com,29
Ashley,Snyder,asnyder82@illinois.edu,30
Craig,Wright,cwright83@php.net,29
Louis,Castillo,lcastillo84@mail.ru,29
Arthur,Young,ayoung85@boston.com,30
Linda,Greene,lgreene86@wp.com,24
Ernest,Wagner,ewagner87@nytimes.com,20
David,Rivera,drivera88@yellowpages.com,24
John,Carpenter,jcarpenter89@mediafire.com,22
Anna,Foster,afoster8a@ucoz.ru,20
Carlos,Sullivan,csullivan8b@sohu.com,27
Larry,Johnson,ljohnson8c@123-reg.co.uk,25
Willie,Sanders,wsanders8d@fc2.com,29
Joseph,Rodriguez,jrodriguez8e@si.edu,25
Steve,Davis,sdavis8f@phoca.cz,22
Jacqueline,Henderson,jhenderson8g@examiner.com,22
Jeffrey,Kim,jkim8h@java.com,22
Jane,Oliver,joliver8i@bizjournals.com,24
Mark,Moore,mmoore8j@forbes.com,25
Amanda,Matthews,amatthews8k@apache.org,20
Russell,Gomez,rgomez8l@home.pl,21
Howard,Turner,hturner8m@twitter.com,21
Martin,Mcdonald,mmcdonald8n@phoca.cz,29
Angela,Dixon,adixon8o@technorati.com,26
Gregory,Lewis,glewis8p@wix.com,26
Beverly,Payne,bpayne8q@admin.ch,21
Karen,Green,kgreen8r@posterous.com,30
Harold,Willis,hwillis8s@zimbio.com,23
Denise,Hernandez,dhernandez8t@hud.gov,24
Andrea,Watkins,awatkins8u@java.com,30
Roger,Warren,rwarren8v@yale.edu,25
Katherine,Harris,kharris8w@360.cn,29
Tina,Hunter,thunter8x@purevolume.com,22
David,Fox,dfox8y@mayoclinic.com,25
Brian,Wagner,bwagner8z@forbes.com,24
Theresa,Harvey,tharvey90@edublogs.org,25
Paul,Mason,pmason91@chron.com,29
Laura,Gomez,lgomez92@nature.com,24
Bobby,Austin,baustin93@squidoo.com,29
Brian,Weaver,bweaver94@nytimes.com,22
Samuel,Long,slong95@comsenz.com,21
Kathy,King,kking96@stumbleupon.com,29
Christina,Chavez,cchavez97@wikispaces.com,27
Kathleen,Riley,kriley98@time.com,21
Barbara,Hanson,bhanson99@comcast.net,24
Wanda,Peters,wpeters9a@addtoany.com,29
William,Rose,wrose9b@opera.com,28
Donna,Day,dday9c@bigcartel.com,29
Marilyn,Jones,mjones9d@reference.com,21
Antonio,Gardner,agardner9e@newyorker.com,22
Kathleen,Stone,kstone9f@goo.ne.jp,25
John,Gordon,jgordon9g@symantec.com,25
Aaron,Lawrence,alawrence9h@arstechnica.com,27
Brian,Russell,brussell9i@opensource.org,22
Alice,Powell,apowell9j@accuweather.com,25
Lillian,Rogers,lrogers9k@sitemeter.com,21
Betty,Alexander,balexander9l@bloomberg.com,25
Elizabeth,Dean,edean9m@youtube.com,20
Johnny,Wallace,jwallace9n@si.edu,28
Joyce,Burns,jburns9o@flavors.me,24
Margaret,Oliver,moliver9p@vistaprint.com,27
Lori,Wright,lwright9q@devhub.com,28
Jimmy,Simmons,jsimmons9r@epa.gov,20
Keith,Mason,kmason9s@nih.gov,30
Gregory,Perez,gperez9t@biglobe.ne.jp,23
Matthew,Grant,mgrant9u@sfgate.com,21
Ann,Garza,agarza9v@latimes.com,28
Dennis,Hall,dhall9w@google.com,21
Judith,Hudson,jhudson9x@cpanel.net,27
Jeffrey,Bennett,jbennett9y@scribd.com,28
Evelyn,Stanley,estanley9z@vinaora.com,23
Willie,Young,wyounga0@columbia.edu,23
Carl,Carroll,ccarrolla1@nasa.gov,20
Judy,Webb,jwebba2@blogtalkradio.com,26
Helen,Howell,hhowella3@deviantart.com,26
Keith,Graham,kgrahama4@wired.com,22
Evelyn,Jenkins,ejenkinsa5@addthis.com,24
Ruby,Holmes,rholmesa6@cnn.com,25
Michelle,Gomez,mgomeza7@cnet.com,26
James,Harrison,jharrisona8@de.vu,24
Julia,Hamilton,jhamiltona9@utexas.edu,20
Joe,Smith,jsmithaa@tripod.com,24
Shawn,Reyes,sreyesab@yandex.ru,24
Anna,Lee,aleeac@omniture.com,29
Terry,Fernandez,tfernandezad@rediff.com,26
Adam,Stevens,astevensae@prweb.com,23
Carol,Hansen,chansenaf@so-net.ne.jp,22
Anthony,Grant,agrantag@qq.com,21
Judith,Williamson,jwilliamsonah@pbs.org,23
Todd,Green,tgreenai@nsw.gov.au,22
Eugene,Gonzales,egonzalesaj@jiathis.com,28
Elizabeth,Gibson,egibsonak@shop-pro.jp,27
Kelly,Howard,khowardal@shutterfly.com,28
Louis,Harrison,lharrisonam@samsung.com,26
Michael,Ford,mfordan@princeton.edu,23
Ryan,Morales,rmoralesao@sphinn.com,23
Shirley,Banks,sbanksap@paypal.com,21
Lillian,Cunningham,lcunninghamaq@alexa.com,28
David,Johnston,djohnstonar@marriott.com,20
Jennifer,Palmer,jpalmeras@cyberchimps.com,24
Ernest,Mitchell,emitchellat@aboutads.info,30
Samuel,Ramos,sramosau@bloglovin.com,22
Larry,Griffin,lgriffinav@wordpress.org,29
Debra,Greene,dgreeneaw@pinterest.com,25
Martin,Brown,mbrownax@tinyurl.com,26
Antonio,Turner,aturneray@addthis.com,30
Beverly,Russell,brussellaz@nyu.edu,30
Irene,Bell,ibellb0@bing.com,29
Billy,Myers,bmyersb1@plala.or.jp,28
Roy,Jacobs,rjacobsb2@engadget.com,23
Louis,Alvarez,lalvarezb3@mapy.cz,20
Louise,Russell,lrussellb4@ameblo.jp,20
Jane,Snyder,jsnyderb5@clickbank.net,23
Katherine,Andrews,kandrewsb6@fotki.com,21
Kenneth,Johnson,kjohnsonb7@gizmodo.com,27
Brian,Anderson,bandersonb8@ameblo.jp,26
Ernest,Williamson,ewilliamsonb9@facebook.com,28
Justin,Freeman,jfreemanba@vinaora.com,27
Albert,Kim,akimbb@quantcast.com,26
Kevin,Webb,kwebbbc@is.gd,20
Willie,Washington,wwashingtonbd@wp.com,25
Karen,Berry,kberrybe@amazon.com,26
Donald,Gonzalez,dgonzalezbf@123-reg.co.uk,27
Cynthia,Perez,cperezbg@gravatar.com,23
Roger,Porter,rporterbh@apache.org,23
Kathleen,Stevens,kstevensbi@google.fr,27
Teresa,Ferguson,tfergusonbj@technorati.com,20
Annie,Wheeler,awheelerbk@mozilla.com,28
Justin,Gonzalez,jgonzalezbl@amazon.com,25
Norma,Clark,nclarkbm@go.com,28
Bobby,Elliott,belliottbn@tamu.edu,22
Patricia,Parker,pparkerbo@upenn.edu,23
Jonathan,Cooper,jcooperbp@nba.com,20
Martha,Olson,molsonbq@webs.com,26
Ruth,Howell,rhowellbr@tamu.edu,30
Amy,Mcdonald,amcdonaldbs@hhs.gov,29
George,Smith,gsmithbt@google.co.jp,21
Phillip,Price,ppricebu@jiathis.com,28
Steven,Stewart,sstewartbv@scientificamerican.com,24
Marilyn,Hamilton,mhamiltonbw@bing.com,29
Bonnie,Thompson,bthompsonbx@github.com,23
Norma,Mccoy,nmccoyby@tripod.com,23
Edward,Alvarez,ealvarezbz@wunderground.com,22
Brenda,Johnston,bjohnstonc0@ftc.gov,23
Maria,Gibson,mgibsonc1@latimes.com,24
Albert,Pierce,apiercec2@vimeo.com,24
Alan,Ramos,aramosc3@blinklist.com,22
Joshua,Black,jblackc4@bloomberg.com,23
Norma,Gomez,ngomezc5@scribd.com,28
Ruth,Morgan,rmorganc6@home.pl,30
Alice,Peterson,apetersonc7@hp.com,28
Wanda,Edwards,wedwardsc8@blog.com,29
Carl,Bradley,cbradleyc9@howstuffworks.com,21
Tammy,Hansen,thansenca@paypal.com,24
Jimmy,Gomez,jgomezcb@discuz.net,23
Jose,Robertson,jrobertsoncc@spotify.com,22
Roy,Davis,rdaviscd@jiathis.com,29
Steven,Stanley,sstanleyce@csmonitor.com,28
Denise,Mcdonald,dmcdonaldcf@geocities.jp,26
Willie,Smith,wsmithcg@apache.org,20
Clarence,Palmer,cpalmerch@alibaba.com,29
Charles,Reyes,creyesci@nationalgeographic.com,23
Andrew,Thomas,athomascj@fotki.com,27
Martin,Stevens,mstevensck@cnet.com,20
Bruce,Stewart,bstewartcl@tinyurl.com,26
Teresa,Perry,tperrycm@lycos.com,20
Judith,Mccoy,jmccoycn@fda.gov,22
Phyllis,Edwards,pedwardsco@walmart.com,26
Donna,Walker,dwalkercp@nhs.uk,25
Doris,Carpenter,dcarpentercq@guardian.co.uk,24
Andrew,Riley,arileycr@ebay.co.uk,27
Steve,Nelson,snelsoncs@e-recht24.de,25
Wanda,Carroll,wcarrollct@soup.io,27
Daniel,Rivera,driveracu@bing.com,24
Stephen,Myers,smyerscv@i2i.jp,21
Antonio,Jordan,ajordancw@miibeian.gov.cn,24
Phyllis,Lee,pleecx@ustream.tv,23
Susan,Mendoza,smendozacy@shutterfly.com,29
Rebecca,Reynolds,rreynoldscz@sciencedirect.com,21
Ann,Coleman,acolemand0@taobao.com,27
Steve,Chavez,schavezd1@latimes.com,27
Howard,Perry,hperryd2@cdbaby.com,22
Dennis,Walker,dwalkerd3@cdc.gov,27
Debra,Roberts,drobertsd4@printfriendly.com,23
Kimberly,Roberts,krobertsd5@cbc.ca,30
Juan,Ray,jrayd6@elpais.com,21
Jeremy,Palmer,jpalmerd7@about.com,28
Patricia,Cunningham,pcunninghamd8@joomla.org,23
Mary,Arnold,marnoldd9@fema.gov,25
Theresa,Harper,tharperda@unblog.fr,21
Harold,Garza,hgarzadb@goo.ne.jp,22
Randy,Gonzalez,rgonzalezdc@trellian.com,24
Janice,Knight,jknightdd@1und1.de,28
Harry,Sims,hsimsde@tuttocitta.it,22
Catherine,Harrison,charrisondf@naver.com,27
Fred,Watkins,fwatkinsdg@nifty.com,21
Harold,Ross,hrossdh@hhs.gov,20
Amanda,Hunt,ahuntdi@vk.com,22
Sarah,Martinez,smartinezdj@behance.net,24
Chris,Porter,cporterdk@cafepress.com,23
Thomas,Ellis,tellisdl@nba.com,30
Tammy,Schmidt,tschmidtdm@xinhuanet.com,28
Joan,Ray,jraydn@irs.gov,20
Johnny,Perez,jperezdo@yahoo.co.jp,22
Patricia,Cook,pcookdp@google.com.br,21
John,Payne,jpaynedq@rediff.com,27
David,Morgan,dmorgandr@google.pl,22
Craig,Weaver,cweaverds@wikipedia.org,22
Mark,Gonzalez,mgonzalezdt@senate.gov,24
Lisa,Dunn,ldunndu@walmart.com,25
Donald,Arnold,darnolddv@tinypic.com,24
Denise,Nelson,dnelsondw@desdev.cn,26
Randy,Willis,rwillisdx@topsy.com,21
Patricia,Brown,pbrowndy@wikispaces.com,20
Adam,Cunningham,acunninghamdz@sitemeter.com,26
Albert,Chavez,achaveze0@jiathis.com,23
Melissa,Baker,mbakere1@dion.ne.jp,21
Terry,Flores,tflorese2@rambler.ru,24
Lillian,Hunter,lhuntere3@salon.com,30
Jason,Powell,jpowelle4@ft.com,25
Annie,Scott,ascotte5@earthlink.net,24
Barbara,White,bwhitee6@constantcontact.com,26
Earl,Hill,ehille7@zdnet.com,23
Donald,Hernandez,dhernandeze8@eepurl.com,26
Stephanie,Morrison,smorrisone9@china.com.cn,22
William,Ray,wrayea@biblegateway.com,20
Kevin,Cruz,kcruzeb@g.co,23
Cynthia,Green,cgreenec@cdc.gov,24
Heather,Reid,hreided@uiuc.edu,26
Rebecca,Snyder,rsnyderee@techcrunch.com,23
Judith,Lane,jlaneef@army.mil,26
Eugene,Gardner,egardnereg@google.de,26
Christopher,Smith,csmitheh@gnu.org,25
Debra,Schmidt,dschmidtei@deliciousdays.com,23
Ruby,Armstrong,rarmstrongej@jigsy.com,29
Christine,Murray,cmurrayek@princeton.edu,25
Carl,Wheeler,cwheelerel@g.co,24
Philip,Tucker,ptuckerem@dell.com,27
Andrew,Cruz,acruzen@harvard.edu,28
Judith,Nguyen,jnguyeneo@usnews.com,28
Beverly,Brown,bbrownep@sciencedirect.com,24
Ruby,Reynolds,rreynoldseq@facebook.com,23
Martin,Shaw,mshawer@squarespace.com,30
Louis,Jacobs,ljacobses@bandcamp.com,26
Roy,Hunter,rhunteret@cdbaby.com,20
Dorothy,Adams,dadamseu@mail.ru,23
Louise,Griffin,lgriffinev@istockphoto.com,30
Sarah,Burke,sburkeew@hud.gov,23
Nicole,Crawford,ncrawfordex@blogs.com,22
Diane,Moreno,dmorenoey@blogtalkradio.com,24
Clarence,Alexander,calexanderez@skype.com,22
Marie,Gonzales,mgonzalesf0@reference.com,22
Catherine,Campbell,ccampbellf1@stanford.edu,20
Ernest,Jones,ejonesf2@comcast.net,28
Jimmy,Tucker,jtuckerf3@weebly.com,22
Melissa,Robertson,mrobertsonf4@chicagotribune.com,22
Kathleen,Willis,kwillisf5@etsy.com,24
Carolyn,Medina,cmedinaf6@i2i.jp,22
Lillian,James,ljamesf7@cocolog-nifty.com,21
Angela,Payne,apaynef8@macromedia.com,29
Christina,Evans,cevansf9@drupal.org,22
Alice,Stanley,astanleyfa@icio.us,25
Eugene,Flores,efloresfb@rambler.ru,30
Catherine,Alvarez,calvarezfc@qq.com,21
Jonathan,Arnold,jarnoldfd@rambler.ru,25
Nancy,Boyd,nboydfe@g.co,20
Kathy,Sanders,ksandersff@moonfruit.com,27
Jacqueline,Powell,jpowellfg@github.io,27
Julie,Murray,jmurrayfh@cafepress.com,21
Jose,Harvey,jharveyfi@zimbio.com,26
Patrick,Reed,preedfj@mit.edu,21
Lillian,Flores,lfloresfk@goodreads.com,22
Catherine,Reyes,creyesfl@google.co.jp,20
Kelly,Carroll,kcarrollfm@hatena.ne.jp,22
Katherine,Lynch,klynchfn@histats.com,29
Mildred,Mitchell,mmitchellfo@sitemeter.com,26
Jacqueline,Vasquez,jvasquezfp@mysql.com,28
Angela,Reid,areidfq@pagesperso-orange.fr,27
Ashley,Hudson,ahudsonfr@statcounter.com,23
Donna,Coleman,dcolemanfs@wikispaces.com,24
Albert,Hudson,ahudsonft@washington.edu,20
Pamela,Grant,pgrantfu@nyu.edu,27
Rebecca,Thomas,rthomasfv@telegraph.co.uk,24
Catherine,Cunningham,ccunninghamfw@weebly.com,27
Clarence,Gordon,cgordonfx@businesswire.com,29
Jerry,Carpenter,jcarpenterfy@examiner.com,29
Jean,Fields,jfieldsfz@canalblog.com,20
Joan,Ray,jrayg0@upenn.edu,26
Juan,Medina,jmedinag1@google.fr,30
Sarah,Black,sblackg2@ebay.com,21
Gregory,Kelley,gkelleyg3@php.net,29
Sarah,Ramirez,sramirezg4@prlog.org,20
Henry,Burns,hburnsg5@amazonaws.com,22
Mary,Moore,mmooreg6@hostgator.com,30
Cynthia,Vasquez,cvasquezg7@msu.edu,29
Jose,Morrison,jmorrisong8@dion.ne.jp,22
Kathryn,Thomas,kthomasg9@upenn.edu,29
Douglas,Hayes,dhayesga@blogger.com,28
Virginia,Chavez,vchavezgb@samsung.com,26
Antonio,Perry,aperrygc@simplemachines.org,20
Angela,Warren,awarrengd@wiley.com,22
Kathryn,Mccoy,kmccoyge@disqus.com,23
Gerald,Payne,gpaynegf@dropbox.com,29
Gerald,Kelley,gkelleygg@taobao.com,30
Virginia,Burke,vburkegh@hud.gov,30
Juan,Wagner,jwagnergi@usnews.com,24
David,Wagner,dwagnergj@aboutads.info,21
Carlos,Jacobs,cjacobsgk@etsy.com,27
Ernest,Ross,erossgl@simplemachines.org,26
Beverly,Stephens,bstephensgm@clickbank.net,25
Benjamin,Hanson,bhansongn@cam.ac.uk,28
Jesse,Harper,jharpergo@altervista.org,20
William,Robinson,wrobinsongp@360.cn,30
Steven,Burns,sburnsgq@harvard.edu,24
Charles,West,cwestgr@google.com.br,21
Christine,Lane,clanegs@craigslist.org,26
James,Knight,jknightgt@mozilla.com,21
Carolyn,Richards,crichardsgu@dion.ne.jp,20
Wayne,Stanley,wstanleygv@thetimes.co.uk,27
Randy,Fuller,rfullergw@blogtalkradio.com,30
Matthew,Stephens,mstephensgx@indiatimes.com,20
Adam,Rogers,arogersgy@thetimes.co.uk,28
Julia,Cole,jcolegz@about.me,20
Jesse,Larson,jlarsonh0@rambler.ru,27
Sandra,Hughes,shughesh1@mtv.com,27
Michael,Warren,mwarrenh2@mayoclinic.com,24
Ann,Day,adayh3@wikimedia.org,29
Gloria,Morgan,gmorganh4@t.co,22
Carlos,Mason,cmasonh5@sitemeter.com,22
Barbara,Davis,bdavish6@vkontakte.ru,26
Willie,Jenkins,wjenkinsh7@blogger.com,22
Ryan,Tucker,rtuckerh8@tripadvisor.com,20
Juan,Riley,jrileyh9@example.com,29
Aaron,Romero,aromeroha@photobucket.com,29
Janet,Baker,jbakerhb@digg.com,26
Ruby,Mccoy,rmccoyhc@cbslocal.com,20
Janet,Crawford,jcrawfordhd@myspace.com,22
Fred,Ward,fwardhe@ox.ac.uk,22
Theresa,Powell,tpowellhf@quantcast.com,25
Adam,Sanders,asandershg@columbia.edu,30
Victor,James,vjameshh@tuttocitta.it,27
Justin,Sims,jsimshi@ucoz.com,26
Steve,Garrett,sgarretthj@patch.com,27
William,Ross,wrosshk@exblog.jp,24
Frank,Hawkins,fhawkinshl@jimdo.com,24
Scott,Myers,smyershm@pagesperso-orange.fr,27
Denise,Wheeler,dwheelerhn@comsenz.com,25
Brenda,Reed,breedho@istockphoto.com,24
Lori,Collins,lcollinshp@typepad.com,22
Randy,Crawford,rcrawfordhq@deviantart.com,22
Sean,Nichols,snicholshr@mac.com,28
Alice,Mccoy,amccoyhs@bbb.org,24
Carol,Long,clonght@cornell.edu,25
Ruby,Burton,rburtonhu@ameblo.jp,28
Wanda,Carter,wcarterhv@nydailynews.com,29
Emily,Ford,efordhw@umich.edu,28
Brandon,Grant,bgranthx@example.com,24
Todd,Gonzalez,tgonzalezhy@virginia.edu,25
Carl,Nelson,cnelsonhz@so-net.ne.jp,28
Bruce,Brown,bbrowni0@vinaora.com,28
Jean,Morgan,jmorgani1@census.gov,30
Matthew,Knight,mknighti2@dropbox.com,24
Eugene,Ortiz,eortizi3@list-manage.com,29
Kathleen,Wright,kwrighti4@mail.ru,23
Louise,Hawkins,lhawkinsi5@fastcompany.com,22
Sandra,Holmes,sholmesi6@etsy.com,21
Louis,Armstrong,larmstrongi7@miitbeian.gov.cn,25
Russell,Jackson,rjacksoni8@cisco.com,22
James,Frazier,jfrazieri9@last.fm,29
Frances,Howard,fhowardia@opera.com,30
Denise,Hansen,dhansenib@fotki.com,24
John,Murray,jmurrayic@soundcloud.com,25
Diana,Sanchez,dsanchezid@soundcloud.com,25
Margaret,Arnold,marnoldie@uol.com.br,28
Julia,Armstrong,jarmstrongif@java.com,24
Thomas,Johnston,tjohnstonig@ezinearticles.com,23
Chris,Armstrong,carmstrongih@cocolog-nifty.com,28
Amanda,Andrews,aandrewsii@exblog.jp,26
Harry,Martin,hmartinij@arstechnica.com,23
Tina,Garrett,tgarrettik@networksolutions.com,30
Diane,Murphy,dmurphyil@homestead.com,21
Anna,Dean,adeanim@ox.ac.uk,28
Jose,Bishop,jbishopin@bandcamp.com,24
Phyllis,Gray,pgrayio@facebook.com,25
Paul,Garcia,pgarciaip@ifeng.com,26
Diane,Morris,dmorrisiq@bigcartel.com,26
Kimberly,Barnes,kbarnesir@newsvine.com,23
Adam,Brooks,abrooksis@loc.gov,26
Philip,Hall,phallit@bbb.org,23
Johnny,Mills,jmillsiu@friendfeed.com,23
Stephanie,Harrison,sharrisoniv@nasa.gov,22
Gregory,Fox,gfoxiw@whitehouse.gov,21
Katherine,Mitchell,kmitchellix@friendfeed.com,25
Frances,Ferguson,ffergusoniy@wsj.com,28
Patricia,Clark,pclarkiz@artisteer.com,29
Douglas,Lee,dleej0@marriott.com,24
Martha,Hunt,mhuntj1@cornell.edu,20
Brian,Collins,bcollinsj2@woothemes.com,29
Gary,Palmer,gpalmerj3@java.com,29
Evelyn,Fuller,efullerj4@geocities.jp,26
Patricia,Mendoza,pmendozaj5@a8.net,29
Ryan,Knight,rknightj6@umn.edu,28
Justin,George,jgeorgej7@netlog.com,26
Nicholas,Dixon,ndixonj8@github.io,25
Alice,Hart,ahartj9@vk.com,22
Michael,Reid,mreidja@nba.com,20
Roger,Wallace,rwallacejb@tiny.cc,24
Patrick,Patterson,ppattersonjc@rediff.com,26
Tammy,Ellis,tellisjd@illinois.edu,22
Jack,Long,jlongje@cmu.edu,23
Chris,Harris,charrisjf@hugedomains.com,21
Margaret,Ross,mrossjg@plala.or.jp,27
Mildred,Franklin,mfranklinjh@google.com,26
Eugene,Tucker,etuckerji@behance.net,23
David,Hernandez,dhernandezjj@uol.com.br,22
Nicholas,Myers,nmyersjk@so-net.ne.jp,24
Shawn,Gomez,sgomezjl@hubpages.com,22
Paula,Nelson,pnelsonjm@theglobeandmail.com,26
Raymond,Gordon,rgordonjn@tumblr.com,25
Sean,Simmons,ssimmonsjo@squarespace.com,22
Christina,Morris,cmorrisjp@so-net.ne.jp,20
Carlos,Turner,cturnerjq@amazon.com,24
Judy,Scott,jscottjr@toplist.cz,24
Louise,Tucker,ltuckerjs@ow.ly,29
Billy,Henry,bhenryjt@exblog.jp,21
Willie,Tucker,wtuckerju@bbc.co.uk,25
Norma,Gray,ngrayjv@yellowpages.com,26
Debra,Phillips,dphillipsjw@alexa.com,20
Rachel,Carter,rcarterjx@oracle.com,22
Kathryn,Arnold,karnoldjy@seattletimes.com,25
Willie,Carpenter,wcarpenterjz@soundcloud.com,26
Tina,Daniels,tdanielsk0@g.co,21
Paula,James,pjamesk1@google.ru,20
Christina,Scott,cscottk2@reddit.com,26
Nicole,Fisher,nfisherk3@skyrock.com,23
Mary,Washington,mwashingtonk4@unesco.org,26
Mark,Frazier,mfrazierk5@macromedia.com,27
Barbara,Nguyen,bnguyenk6@flickr.com,25
Frances,Garza,fgarzak7@meetup.com,24
Cheryl,Gordon,cgordonk8@issuu.com,25
Johnny,Rose,jrosek9@fda.gov,29
Alan,Fernandez,afernandezka@amazon.com,29
Evelyn,Howell,ehowellkb@nih.gov,29
George,Stephens,gstephenskc@networksolutions.com,29
Philip,Davis,pdaviskd@soup.io,30
Ernest,Reed,ereedke@army.mil,27
Chris,Richardson,crichardsonkf@mysql.com,26
Wanda,Perkins,wperkinskg@cbsnews.com,20
Andrew,Alvarez,aalvarezkh@altervista.org,23
Bobby,Matthews,bmatthewski@mlb.com,24
Samuel,Thompson,sthompsonkj@gizmodo.com,22
Diane,Perez,dperezkk@ucsd.edu,22
Phillip,Williamson,pwilliamsonkl@washington.edu,21
Denise,Gardner,dgardnerkm@devhub.com,30
Betty,Griffin,bgriffinkn@newsvine.com,27
Brenda,Campbell,bcampbellko@yellowpages.com,23
Bobby,Jordan,bjordankp@paypal.com,22
David,Murphy,dmurphykq@cisco.com,26
Jack,Crawford,jcrawfordkr@dailymotion.com,22
Rachel,Austin,raustinks@examiner.com,24
Linda,Griffin,lgriffinkt@infoseek.co.jp,28
Ryan,Shaw,rshawku@epa.gov,25
Heather,Pierce,hpiercekv@wordpress.com,30
Lois,Phillips,lphillipskw@sciencedirect.com,27
John,Burton,jburtonkx@baidu.com,24
Nicholas,Thomas,nthomasky@xing.com,29
Scott,Murray,smurraykz@opera.com,21
Todd,Gomez,tgomezl0@prlog.org,23
Steven,Alvarez,salvarezl1@example.com,22
Dorothy,Jacobs,djacobsl2@hhs.gov,23
Roger,Foster,rfosterl3@stanford.edu,21
Laura,Morrison,lmorrisonl4@time.com,23
Carolyn,Hamilton,chamiltonl5@photobucket.com,26
Katherine,Mills,kmillsl6@comcast.net,27
Daniel,Moore,dmoorel7@soundcloud.com,26
Anne,Wallace,awallacel8@home.pl,26
Stephen,Woods,swoodsl9@360.cn,27
Joan,Fields,jfieldsla@umich.edu,24
Fred,Griffin,fgriffinlb@joomla.org,22
Earl,Dunn,edunnlc@dmoz.org,27
Carlos,Reid,creidld@phoca.cz,30
Kimberly,Clark,kclarkle@booking.com,20
Samuel,Jordan,sjordanlf@fastcompany.com,30
Victor,Stewart,vstewartlg@stumbleupon.com,20
Doris,Riley,drileylh@shutterfly.com,24
Donald,Campbell,dcampbellli@devhub.com,21
Martin,Greene,mgreenelj@alexa.com,21
Mary,Cooper,mcooperlk@skyrock.com,27
Wayne,Harvey,wharveyll@cnn.com,23
Doris,Nelson,dnelsonlm@xrea.com,29
Rachel,Payne,rpayneln@cdc.gov,22
Rachel,Howard,rhowardlo@list-manage.com,25
Joe,Romero,jromerolp@dell.com,24
Eugene,Warren,ewarrenlq@google.pl,23
Irene,Garcia,igarcialr@weibo.com,28
Lois,Alvarez,lalvarezls@biglobe.ne.jp,24
Laura,Carr,lcarrlt@prnewswire.com,29
Kathy,Owens,kowenslu@51.la,26
Larry,Mccoy,lmccoylv@examiner.com,30
Diane,Ray,draylw@tinypic.com,20
Lisa,Jackson,ljacksonlx@salon.com,25
Diana,Hudson,dhudsonly@themeforest.net,24
Lori,Moore,lmoorelz@purevolume.com,27
Ruth,Howell,rhowellm0@woothemes.com,23
Anne,Sullivan,asullivanm1@odnoklassniki.ru,28
Daniel,Black,dblackm2@squarespace.com,28
Paula,Morrison,pmorrisonm3@pcworld.com,23
Jack,Snyder,jsnyderm4@prweb.com,27
Jason,Fowler,jfowlerm5@canalblog.com,23
Billy,Hall,bhallm6@ft.com,21
Anne,Watson,awatsonm7@ehow.com,25
Gregory,Burke,gburkem8@ihg.com,21
Clarence,Hicks,chicksm9@deviantart.com,24
Marie,Romero,mromeroma@networksolutions.com,28
Karen,James,kjamesmb@wikipedia.org,24
Wayne,Perez,wperezmc@wired.com,20
Deborah,Hawkins,dhawkinsmd@tiny.cc,29
Ernest,Smith,esmithme@vistaprint.com,29
Bruce,Sanchez,bsanchezmf@constantcontact.com,27
Amy,Wilson,awilsonmg@multiply.com,22
Teresa,Johnston,tjohnstonmh@shinystat.com,26
Anne,Wheeler,awheelermi@jimdo.com,27
Irene,Powell,ipowellmj@meetup.com,30
Ruby,Howard,rhowardmk@a8.net,27
Alan,Chapman,achapmanml@tinyurl.com,25
Kathryn,Brooks,kbrooksmm@sphinn.com,26
Angela,Burton,aburtonmn@forbes.com,30
Nicholas,Butler,nbutlermo@people.com.cn,26
Debra,Brooks,dbrooksmp@icq.com,28
Sean,Adams,sadamsmq@simplemachines.org,29
Thomas,Powell,tpowellmr@mashable.com,29
Deborah,Diaz,ddiazms@4shared.com,28
Barbara,Owens,bowensmt@prnewswire.com,20
Dennis,Allen,dallenmu@pbs.org,21
Richard,Palmer,rpalmermv@edublogs.org,30
Samuel,Hayes,shayesmw@uiuc.edu,22
Kenneth,Ford,kfordmx@noaa.gov,21
Scott,Evans,sevansmy@smh.com.au,29
Jane,Simpson,jsimpsonmz@statcounter.com,21
Martha,Wright,mwrightn0@sciencedirect.com,30
Melissa,Cooper,mcoopern1@csmonitor.com,20
Elizabeth,Lewis,elewisn2@house.gov,28
Todd,Vasquez,tvasquezn3@about.com,24
Julie,Carpenter,jcarpentern4@npr.org,26
Tammy,Gordon,tgordonn5@umn.edu,22
Todd,Bradley,tbradleyn6@tumblr.com,28
Joe,Ellis,jellisn7@java.com,30
Keith,Hawkins,khawkinsn8@123-reg.co.uk,29
Tina,James,tjamesn9@spotify.com,24
Lois,Woods,lwoodsna@china.com.cn,27
Jesse,Boyd,jboydnb@hp.com,27
Philip,Gutierrez,pgutierreznc@webeden.co.uk,21
Matthew,Carter,mcarternd@ft.com,24
Raymond,Kelley,rkelleyne@sakura.ne.jp,30
William,Hansen,whansennf@hugedomains.com,22
Jennifer,Rogers,jrogersng@weather.com,26
Earl,Adams,eadamsnh@tumblr.com,24
Steven,Bishop,sbishopni@wikipedia.org,24
Harold,Phillips,hphillipsnj@un.org,28
Samuel,Torres,storresnk@wsj.com,22
Melissa,Burton,mburtonnl@pagesperso-orange.fr,28
Terry,Little,tlittlenm@posterous.com,21
Willie,Riley,wrileynn@nymag.com,25
Melissa,Wilson,mwilsonno@nih.gov,25
Sarah,Schmidt,sschmidtnp@over-blog.com,23
Wanda,Henry,whenrynq@vistaprint.com,25
Alice,Gonzalez,agonzaleznr@salon.com,23
Kathy,Edwards,kedwardsns@home.pl,24
Carol,Martin,cmartinnt@ameblo.jp,22
Jimmy,Johnston,jjohnstonnu@lycos.com,25
Ashley,Wallace,awallacenv@sciencedirect.com,26
Irene,Morales,imoralesnw@oaic.gov.au,24
Larry,Hughes,lhughesnx@epa.gov,29
Joyce,Henderson,jhendersonny@twitpic.com,21
Cynthia,Morris,cmorrisnz@clickbank.net,29
Larry,Hill,lhillo0@gizmodo.com,24
Walter,Sullivan,wsullivano1@indiatimes.com,20
Martha,Romero,mromeroo2@acquirethisname.com,23
Juan,Hughes,jhugheso3@ehow.com,30
Nicholas,Pierce,npierceo4@symantec.com,22
Antonio,Rivera,ariverao5@hostgator.com,27
Jessica,Nichols,jnicholso6@gizmodo.com,26
Juan,Ferguson,jfergusono7@cloudflare.com,30
Ashley,Martinez,amartinezo8@clickbank.net,30
Lillian,Alvarez,lalvarezo9@illinois.edu,29
Kathryn,Bell,kbelloa@reference.com,25
Kenneth,Ruiz,kruizob@virginia.edu,29
Irene,Miller,imilleroc@alexa.com,27
Anne,Olson,aolsonod@examiner.com,29
Doris,Bryant,dbryantoe@illinois.edu,28
Eric,Parker,eparkerof@indiatimes.com,26
Jesse,Wallace,jwallaceog@who.int,22
Daniel,Black,dblackoh@ebay.co.uk,23
Ralph,Owens,rowensoi@nbcnews.com,30
Joyce,Bowman,jbowmanoj@va.gov,28
Roger,Webb,rwebbok@tinypic.com,30
Howard,Wilson,hwilsonol@flavors.me,25
Heather,Henry,hhenryom@senate.gov,21
Betty,Gonzalez,bgonzalezon@springer.com,24
Sharon,Montgomery,smontgomeryoo@taobao.com,20
Kathryn,Lopez,klopezop@nifty.com,20
Kenneth,Sanchez,ksanchezoq@dyndns.org,21
Jason,James,jjamesor@nbcnews.com,23
Brenda,Thompson,bthompsonos@amazon.de,30
Benjamin,Adams,badamsot@netvibes.com,29
Scott,Jenkins,sjenkinsou@networksolutions.com,21
Joe,Pierce,jpierceov@sphinn.com,28
Brandon,Stevens,bstevensow@stanford.edu,27
Christine,Rodriguez,crodriguezox@xrea.com,26
Diana,Hernandez,dhernandezoy@gov.uk,30
Helen,Black,hblackoz@weebly.com,26
Raymond,Green,rgreenp0@yolasite.com,22
Donald,Robertson,drobertsonp1@seattletimes.com,25
Alice,Garcia,agarciap2@usnews.com,29
Jimmy,Price,jpricep3@360.cn,28
Brandon,Moreno,bmorenop4@reference.com,20
William,Stevens,wstevensp5@bizjournals.com,25
Jeremy,Harvey,jharveyp6@java.com,23
Chris,Holmes,cholmesp7@upenn.edu,23
Douglas,Larson,dlarsonp8@pcworld.com,22
Jack,Reyes,jreyesp9@europa.eu,22
Bonnie,Wells,bwellspa@storify.com,26
Charles,Dixon,cdixonpb@jugem.jp,28
Paula,Carroll,pcarrollpc@constantcontact.com,28
Harold,Snyder,hsnyderpd@amazon.com,20
Roger,Ramirez,rramirezpe@wordpress.org,24
Timothy,Davis,tdavispf@t.co,25
Wanda,Gutierrez,wgutierrezpg@domainmarket.com,20
Michelle,Chapman,mchapmanph@discuz.net,21
Philip,Hamilton,phamiltonpi@ask.com,30
George,Bailey,gbaileypj@hostgator.com,30
Rachel,Duncan,rduncanpk@usatoday.com,21
Kathy,Adams,kadamspl@sun.com,25
Matthew,Kelley,mkelleypm@123-reg.co.uk,28
Ernest,Burke,eburkepn@yelp.com,30
Betty,Barnes,bbarnespo@dagondesign.com,30
Dorothy,Ramirez,dramirezpp@friendfeed.com,28
Daniel,Kim,dkimpq@umich.edu,30
Chris,Bennett,cbennettpr@state.gov,20
Helen,Price,hpriceps@wikipedia.org,27
Jesse,Jackson,jjacksonpt@soup.io,28
Judy,White,jwhitepu@facebook.com,29
Jacqueline,Martinez,jmartinezpv@weibo.com,26
Lori,Perry,lperrypw@tamu.edu,29
Walter,Burke,wburkepx@census.gov,28
Kathryn,Montgomery,kmontgomerypy@engadget.com,21
Carl,Stone,cstonepz@cdc.gov,24
Irene,Sims,isimsq0@sciencedirect.com,25
Beverly,Alexander,balexanderq1@blog.com,25
Thomas,Dixon,tdixonq2@nytimes.com,22
Paula,Harris,pharrisq3@about.me,22
Wayne,James,wjamesq4@youtu.be,24
Jerry,Scott,jscottq5@exblog.jp,21
Douglas,Adams,dadamsq6@noaa.gov,30
Thomas,Johnson,tjohnsonq7@mit.edu,22
Johnny,Hughes,jhughesq8@symantec.com,30
Janet,Stewart,jstewartq9@cpanel.net,24
Bobby,Cooper,bcooperqa@surveymonkey.com,21
Margaret,Ray,mrayqb@over-blog.com,23
Matthew,Matthews,mmatthewsqc@yelp.com,25
Jimmy,Cooper,jcooperqd@hao123.com,29
Kimberly,Torres,ktorresqe@plala.or.jp,23
Kelly,Wheeler,kwheelerqf@nih.gov,29
Howard,Nelson,hnelsonqg@slate.com,29
Marie,Sullivan,msullivanqh@ucsd.edu,26
Joan,Scott,jscottqi@friendfeed.com,20
Rachel,Andrews,randrewsqj@squidoo.com,26
Laura,Ray,lrayqk@liveinternet.ru,27
Jeremy,Carpenter,jcarpenterql@sourceforge.net,27
Jason,Hicks,jhicksqm@nyu.edu,20
Phyllis,Larson,plarsonqn@people.com.cn,24
Heather,Bailey,hbaileyqo@yellowbook.com,30
Juan,Parker,jparkerqp@google.ru,30
Scott,Fowler,sfowlerqq@reddit.com,27
Heather,Campbell,hcampbellqr@mlb.com,23
Aaron,Gomez,agomezqs@nih.gov,22
Christopher,Stanley,cstanleyqt@accuweather.com,22
Frances,Carroll,fcarrollqu@purevolume.com,20
Kenneth,Lane,klaneqv@utexas.edu,25
Chris,Woods,cwoodsqw@opensource.org,24
Norma,Campbell,ncampbellqx@netvibes.com,24
Ralph,Clark,rclarkqy@unc.edu,27
Frank,Simpson,fsimpsonqz@mlb.com,24
Denise,Peters,dpetersr0@live.com,27
Catherine,Mason,cmasonr1@adobe.com,26
Susan,Holmes,sholmesr2@jugem.jp,29
Kenneth,Bradley,kbradleyr3@army.mil,21
Jerry,Little,jlittler4@infoseek.co.jp,22
Jennifer,Burns,jburnsr5@de.vu,29
Jeffrey,Gibson,jgibsonr6@issuu.com,29
Carolyn,Garrett,cgarrettr7@4shared.com,21
Donna,Reid,dreidr8@clickbank.net,28
Sara,Berry,sberryr9@webmd.com,23
Larry,Bryant,lbryantra@reddit.com,23
Thomas,Moreno,tmorenorb@patch.com,21
Ronald,Cole,rcolerc@dell.com,22
Kelly,Flores,kfloresrd@nba.com,28
Shawn,Fernandez,sfernandezre@ameblo.jp,28
Todd,Burton,tburtonrf@addtoany.com,26
Marie,Mason,mmasonrg@unesco.org,28
Larry,Graham,lgrahamrh@furl.net,28
Roger,Willis,rwillisri@geocities.jp,30
Robert,Price,rpricerj@netvibes.com,29
Ashley,Reynolds,areynoldsrk@github.com,27
Kimberly,White,kwhiterl@rakuten.co.jp,26
Nicole,Ramirez,nramirezrm@timesonline.co.uk,27
Katherine,Pierce,kpiercern@vinaora.com,20
Michael,Howard,mhowardro@loc.gov,20
Eric,Hunter,ehunterrp@linkedin.com,21
Anna,Miller,amillerrq@skype.com,20
Carlos,George,cgeorgerr@netvibes.com,27
Kishan,Kumar,kk@javatrainer.com,28
